﻿<?xml version="1.0" encoding="utf-8"?>
<ServiceManifest xmlns:xsd="http://www.w3.org/2001/XMLSchema" xmlns:xsi="http://www.w3.org/2001/XMLSchema-instance" Name="CQRSMicroservices.ServiceFabric.AggregateRootActorPkg" Version="1.0.0" xmlns="http://schemas.microsoft.com/2011/01/fabric">
   <ServiceTypes>
      <StatelessServiceType ServiceTypeName="AggregateRootActorServiceType">
         <Extensions>
            <Extension Name="__GeneratedServiceType__" GeneratedId="ccec184a-598a-45a2-a98b-bec765f87210">
               <GeneratedNames xmlns="http://schemas.microsoft.com/2015/03/fabact-no-schema">
                  <DefaultService Name="AggregateRootActorService" />
                  <ServiceEndpoint Name="AggregateRootActorServiceEndpoint" />
               </GeneratedNames>
            </Extension>
         </Extensions>
      </StatelessServiceType>
   </ServiceTypes>
   <CodePackage Name="Code" Version="1.0.0">
      <EntryPoint>
         <ExeHost>
            <Program>CQRSMicroservices.ServiceFabric.AggregateRootActor.exe</Program>
         </ExeHost>
      </EntryPoint>
   </CodePackage>
   <ConfigPackage Name="Config" Version="1.0.0" />
   <Resources>
      <Endpoints>
         <Endpoint Name="AggregateRootActorServiceEndpoint" />
      </Endpoints>
   </Resources>
</ServiceManifest>