<?xml version="1.0" encoding="UTF-8"?>
<mxfile host="app.diagrams.net" modified="2025-06-12T10:00:00.000Z" agent="5.0 (Windows)" etag="xyz" version="15.8.7" type="device">
  <diagram id="0V6X0zM_4nHFx6vC3rI_" name="Virtual Network Architecture">
    <mxGraphModel dx="1205" dy="776" grid="1" gridSize="10" guides="1" tooltips="1" connect="1" arrows="1" fold="1" page="1" pageScale="1" pageWidth="827" pageHeight="1169" math="0" shadow="0">
      <root>
        <mxCell id="0"/>
        <mxCell id="1" parent="0"/>
        
        <!-- On-Premises Data Center -->
        <mxCell id="2" value="On-Premises Data Center" style="rounded=1;whiteSpace=wrap;html=1;fillColor=#dae8fc;strokeColor=#6c8ebf;" vertex="1" parent="1">
          <mxGeometry x="20" y="20" width="280" height="140" as="geometry"/>
        </mxCell>
        
        <!-- Legacy Systems -->
        <mxCell id="3" value="Legacy Systems" style="shape=rectangle;rounded=1;fillColor=#fff2cc;strokeColor=#d6b656;" vertex="1" parent="2">
          <mxGeometry x="20" y="30" width="120" height="40" as="geometry"/>
        </mxCell>
        
        <!-- VPN Gateway -->
        <mxCell id="4" value="VPN Gateway / ExpressRoute" style="shape=rectangle;rounded=1;fillColor=#f8cecc;strokeColor=#b85450;" vertex="1" parent="2">
          <mxGeometry x="160" y="30" width="100" height="40" as="geometry"/>
        </mxCell>
        
        <!-- Azure Hub VNet -->
        <mxCell id="5" value="Azure Hub VNet" style="rounded=1;whiteSpace=wrap;html=1;fillColor=#d5e8d4;strokeColor=#82b366;" vertex="1" parent="1">
          <mxGeometry x="350" y="20" width="350" height="200" as="geometry"/>
        </mxCell>
        
        <!-- Hub VPN Gateway -->
        <mxCell id="6" value="VPN Gateway" style="shape=rectangle;rounded=1;fillColor=#fff2cc;strokeColor=#d6b656;" vertex="1" parent="5">
          <mxGeometry x="20" y="30" width="120" height="40" as="geometry"/>
        </mxCell>
        
        <!-- Azure Firewall -->
        <mxCell id="7" value="Azure Firewall / NVA" style="shape=rectangle;rounded=1;fillColor=#f8cecc;strokeColor=#b85450;" vertex="1" parent="5">
          <mxGeometry x="180" y="30" width="130" height="40" as="geometry"/>
        </mxCell>
        
        <!-- Connection Lines -->
        <mxCell id="8" style="edgeStyle=orthogonalEdgeStyle;rounded=0;orthogonalLoop=1;jettySize=auto;html=1;strokeColor=#6c8ebf;" edge="1" source="4" target="6" parent="1">
          <mxGeometry relative="1" as="geometry"/>
        </mxCell>
        
        <mxCell id="9" style="edgeStyle=orthogonalEdgeStyle;rounded=0;orthogonalLoop=1;jettySize=auto;html=1;strokeColor=#6c8ebf;" edge="1" source="3" target="4" parent="2">
          <mxGeometry relative="1" as="geometry"/>
        </mxCell>

      </root>
    </mxGraphModel>
  </diagram>
</mxfile>
