﻿<?xml version="1.0" encoding="utf-8"?>
<Application xmlns:xsd="http://www.w3.org/2001/XMLSchema" xmlns:xsi="http://www.w3.org/2001/XMLSchema-instance" Name="fabric:/CQRSMicroservices.ServiceFabric.Application" xmlns="http://schemas.microsoft.com/2011/01/fabric">
   <Parameters>
      <Parameter Name="WebService_InstanceCount" Value="-1" />
      <Parameter Name="QueryModelBuilderService_PartitionCount" Value="1" />
      <Parameter Name="QueryModelBuilderService_MinReplicaSetSize" Value="2" />
      <Parameter Name="QueryModelBuilderService_TargetReplicaSetSize" Value="3" />
      <Parameter Name="EventBusService_PartitionCount" Value="1" />
      <Parameter Name="EventBusService_MinReplicaSetSize" Value="2" />
      <Parameter Name="EventBusService_TargetReplicaSetSize" Value="3" />
   </Parameters>
</Application>